<?xml version="1.0" encoding="UTF-8"?>
<project-private xmlns="http://www.netbeans.org/ns/project-private/1">
    <editor-bookmarks xmlns="http://www.netbeans.org/ns/editor-bookmarks/2" lastBookmarkId="0"/>
    <open-files xmlns="http://www.netbeans.org/ns/projectui-open-files/2">
        <group>
            <file>file:/C:/Users/murad/Documents/NetBeansProjects/Labyrinth/src/labyrinth/Map.java</file>
            <file>file:/C:/Users/murad/Documents/NetBeansProjects/Labyrinth/src/labyrinth/Menu.java</file>
            <file>file:/C:/Users/murad/Documents/NetBeansProjects/Labyrinth/src/labyrinth/Player.java</file>
            <file>file:/C:/Users/murad/Documents/NetBeansProjects/Labyrinth/src/labyrinth/Board.java</file>
            <file>file:/C:/Users/murad/Documents/NetBeansProjects/Labyrinth/src/labyrinth/Map1.txt</file>
            <file>file:/C:/Users/murad/Documents/NetBeansProjects/Labyrinth/src/labyrinth/Dragon.java</file>
            <file>file:/C:/Users/murad/Documents/NetBeansProjects/Labyrinth/src/labyrinth/Database.java</file>
            <file>file:/C:/Users/murad/Documents/NetBeansProjects/Labyrinth/src/labyrinth/Labyrinth.java</file>
        </group>
    </open-files>
</project-private>
